,Random Forest,XGBoost,Difference (XGB - RF),Winner
Accuracy,0.8225,0.857,0.034499999999999975,XGBoost
Precision,0.5528,0.7553,0.2025,XGBoost
Recall,0.6683,0.4398,-0.22849999999999998,Random Forest
F1-Score,0.6051,0.5559,-0.04920000000000002,Random Forest
ROC-AUC,0.8473,0.854,0.006699999999999928,XGBoost
F2-Score,0.6414937315506164,0.47989156313204273,-0.16160216841857367,Random Forest
